{
    "timestamp": "2025-04-18T22:33:31.573076+05:30",
    "top_stocks": [
        {
            "stock_symbol": "RELIANCE.NS",
            "relative_strength": 1.1167292498426442,
            "last_traded_price": {
                "RELIANCE.NS": 1274.5
            },
            "52_week_high": {
                "RELIANCE.NS": 1603.3582879590508
            },
            "52_week_low": {
                "RELIANCE.NS": 1114.8499755859375
            }
        }
    ]
}